{
    "root_group": {
        "checks": {
            "new upload persisted": {
                "id": "63a1665ce230d87a283d8a58ab8122e4",
                "passes": 31,
                "fails": 0,
                "name": "new upload persisted",
                "path": "::new upload persisted"
            }
        },
        "name": "",
        "path": "",
        "id": "d41d8cd98f00b204e9800998ecf8427e",
        "groups": {}
    },
    "metrics": {
        "http_req_waiting": {
            "avg": 152.47576822580652,
            "min": 94.419818,
            "med": 126.195143,
            "max": 595.081081,
            "p(90)": 201.054526,
            "p(95)": 246.28349350000002
        },
        "vus": {
            "min": 0,
            "max": 1,
            "value": 0
        },
        "checks": {
            "passes": 31,
            "fails": 0,
            "thresholds": {
                "rate==1": false
            },
            "value": 1
        },
        "http_req_duration{expected_response:true}": {
            "avg": 164.1035067419355,
            "min": 95.118088,
            "med": 138.131491,
            "max": 595.379932,
            "p(90)": 212.162761,
            "p(95)": 264.0986135
        },
        "http_req_tls_handshaking": {
            "p(90)": 0,
            "p(95)": 0,
            "avg": 0,
            "min": 0,
            "med": 0,
            "max": 0
        },
        "http_req_receiving": {
            "med": 8.85353,
            "max": 31.325418,
            "p(90)": 22.632149,
            "p(95)": 26.710386,
            "avg": 11.211415612903227,
            "min": 0.088758
        },
        "data_received": {
            "rate": 1487.5799604748838,
            "count": 22561
        },
        "dropped_iterations": {
            "count": 0,
            "rate": 0,
            "thresholds": {
                "count==0": false
            }
        },
        "http_req_sending": {
            "med": 0.126705,
            "max": 8.204106,
            "p(90)": 0.267308,
            "p(95)": 0.349731,
            "avg": 0.4163229032258063,
            "min": 0.041713
        },
        "iterations": {
            "rate": 2.0440130656762285,
            "count": 31
        },
        "http_reqs": {
            "count": 31,
            "rate": 2.0440130656762285
        },
        "data_sent": {
            "count": 34193,
            "rate": 2254.54641144088
        },
        "http_req_duration{type:write}": {
            "avg": 164.1035067419355,
            "min": 95.118088,
            "med": 138.131491,
            "max": 595.379932,
            "p(90)": 212.162761,
            "p(95)": 264.0986135,
            "thresholds": {
                "p(95)<800": false
            }
        },
        "vus_max": {
            "value": 4,
            "min": 4,
            "max": 4
        },
        "http_req_blocked": {
            "avg": 1.7934630322580642,
            "min": 0.008998,
            "med": 0.011724,
            "max": 24.063992,
            "p(90)": 4.085825,
            "p(95)": 13.545645
        },
        "http_req_failed": {
            "passes": 0,
            "fails": 31,
            "thresholds": {
                "rate==0": false
            },
            "value": 0
        },
        "iteration_duration": {
            "p(95)": 268.8150945,
            "avg": 167.40630667741937,
            "min": 95.712774,
            "med": 145.546822,
            "max": 596.072485,
            "p(90)": 244.749439
        },
        "http_req_duration": {
            "min": 95.118088,
            "med": 138.131491,
            "max": 595.379932,
            "p(90)": 212.162761,
            "p(95)": 264.0986135,
            "avg": 164.1035067419355
        },
        "http_req_connecting": {
            "avg": 1.232016064516129,
            "min": 0,
            "med": 0,
            "max": 16.927709,
            "p(90)": 3.890662,
            "p(95)": 8.6870635
        }
    }
}